{
    "Agent": {
        "total": 42.804529905319214
    },
    "Env": {
        "apply_act": 13.988553285598755,
        "observation_computation": 2.5012571811676025,
        "powerflow_computation": 11.133296728134155,
        "total": 27.623107194900513
    },
    "total": 70.70313954353333
}