{
    "Agent": {
        "total": 43.26896691322327
    },
    "Env": {
        "apply_act": 13.907417297363281,
        "observation_computation": 2.4411213397979736,
        "powerflow_computation": 11.219181776046753,
        "total": 27.567720413208008
    },
    "total": 71.13015222549438
}