{
    "_init_subtype": "grid2op.Observation.CompleteObservation.CompleteObservation",
    "gen_cost_per_MW": [
        45.0,
        0.0,
        45.0,
        36.0,
        50.0,
        0.0,
        0.0,
        0.0,
        0.0,
        0.0,
        50.0,
        0.0,
        0.0,
        50.0,
        0.0,
        0.0,
        50.0,
        0.0,
        0.0,
        35.0,
        50.0,
        40.0
    ],
    "gen_max_ramp_down": [
        1.399999976158142,
        0.0,
        1.399999976158142,
        10.399999618530273,
        1.399999976158142,
        0.0,
        0.0,
        0.0,
        0.0,
        0.0,
        2.799999952316284,
        0.0,
        0.0,
        2.799999952316284,
        0.0,
        0.0,
        4.300000190734863,
        0.0,
        0.0,
        2.799999952316284,
        8.5,
        9.899999618530273
    ],
    "gen_max_ramp_up": [
        1.399999976158142,
        0.0,
        1.399999976158142,
        10.399999618530273,
        1.399999976158142,
        0.0,
        0.0,
        0.0,
        0.0,
        0.0,
        2.799999952316284,
        0.0,
        0.0,
        2.799999952316284,
        0.0,
        0.0,
        4.300000190734863,
        0.0,
        0.0,
        2.799999952316284,
        8.5,
        9.899999618530273
    ],
    "gen_min_downtime": [
        96,
        0,
        96,
        12,
        36,
        0,
        0,
        0,
        0,
        0,
        12,
        0,
        0,
        24,
        0,
        0,
        96,
        0,
        0,
        2016,
        48,
        48
    ],
    "gen_min_uptime": [
        72,
        0,
        60,
        12,
        60,
        0,
        0,
        0,
        0,
        0,
        12,
        0,
        0,
        36,
        0,
        0,
        96,
        0,
        0,
        2016,
        96,
        96
    ],
    "gen_pmax": [
        50.0,
        67.19999694824219,
        50.0,
        250.0,
        50.0,
        33.599998474121094,
        37.29999923706055,
        37.29999923706055,
        33.599998474121094,
        74.69999694824219,
        100.0,
        37.29999923706055,
        37.29999923706055,
        100.0,
        74.69999694824219,
        74.69999694824219,
        150.0,
        67.19999694824219,
        74.69999694824219,
        400.0,
        300.0,
        350.0
    ],
    "gen_pmin": [
        0.0,
        0.0,
        0.0,
        0.0,
        0.0,
        0.0,
        0.0,
        0.0,
        0.0,
        0.0,
        0.0,
        0.0,
        0.0,
        0.0,
        0.0,
        0.0,
        0.0,
        0.0,
        0.0,
        0.0,
        0.0,
        0.0
    ],
    "gen_pos_topo_vect": [
        6,
        31,
        40,
        41,
        56,
        77,
        78,
        79,
        80,
        101,
        106,
        114,
        115,
        116,
        131,
        136,
        142,
        147,
        148,
        158,
        165,
        172
    ],
    "gen_redispatchable": [
        true,
        false,
        true,
        true,
        true,
        false,
        false,
        false,
        false,
        false,
        true,
        false,
        false,
        true,
        false,
        false,
        true,
        false,
        false,
        true,
        true,
        true
    ],
    "gen_shutdown_cost": [
        0.0,
        0.0,
        0.0,
        0.0,
        0.0,
        0.0,
        0.0,
        0.0,
        0.0,
        0.0,
        0.0,
        0.0,
        0.0,
        0.0,
        0.0,
        0.0,
        0.0,
        0.0,
        0.0,
        0.0,
        0.0,
        0.0
    ],
    "gen_startup_cost": [
        79.5,
        0.0,
        39.79999923706055,
        0.0,
        115.0,
        0.0,
        0.0,
        0.0,
        0.0,
        0.0,
        15395.7998046875,
        0.0,
        0.0,
        8064.89990234375,
        0.0,
        0.0,
        13989.2001953125,
        0.0,
        0.0,
        27728.69921875,
        54436.1015625,
        27050.599609375
    ],
    "gen_to_sub_pos": [
        3,
        4,
        4,
        5,
        3,
        12,
        13,
        14,
        15,
        6,
        3,
        6,
        7,
        8,
        7,
        3,
        4,
        4,
        5,
        3,
        5,
        2
    ],
    "gen_to_subid": [
        1,
        7,
        9,
        9,
        13,
        16,
        16,
        16,
        16,
        21,
        22,
        23,
        23,
        23,
        26,
        27,
        28,
        29,
        29,
        32,
        33,
        35
    ],
    "gen_type": [
        "thermal",
        "wind",
        "thermal",
        "hydro",
        "thermal",
        "wind",
        "solar",
        "solar",
        "wind",
        "solar",
        "thermal",
        "solar",
        "solar",
        "thermal",
        "solar",
        "solar",
        "thermal",
        "wind",
        "solar",
        "nuclear",
        "thermal",
        "thermal"
    ],
    "grid_layout": {
        "sub_0": [
            -612.8008422851562,
            169.62025451660156
        ],
        "sub_1": [
            -566.9226684570312,
            40.50632858276367
        ],
        "sub_10": [
            -193.34356689453125,
            27.848100662231445
        ],
        "sub_11": [
            -140.9114227294922,
            98.73417663574219
        ],
        "sub_12": [
            -117.97235107421875,
            -10.126582145690918
        ],
        "sub_13": [
            -163.85047912597656,
            -124.0506362915039
        ],
        "sub_14": [
            -68.81720733642578,
            -134.17721557617188
        ],
        "sub_15": [
            -32.77009582519531,
            -68.35443115234375
        ],
        "sub_16": [
            124.5263671875,
            -68.35443115234375
        ],
        "sub_17": [
            376.8561096191406,
            45.56962203979492
        ],
        "sub_18": [
            278.54583740234375,
            45.56962203979492
        ],
        "sub_19": [
            52.43215560913086,
            179.74684143066406
        ],
        "sub_2": [
            -711.111083984375,
            -98.73417663574219
        ],
        "sub_20": [
            62.26318359375,
            326.582275390625
        ],
        "sub_21": [
            176.95852661132812,
            400.0
        ],
        "sub_22": [
            367.02508544921875,
            311.39239501953125
        ],
        "sub_23": [
            327.7009582519531,
            184.81011962890625
        ],
        "sub_24": [
            376.8561096191406,
            129.11392211914062
        ],
        "sub_25": [
            278.54583740234375,
            129.11392211914062
        ],
        "sub_26": [
            619.3548583984375,
            400.0
        ],
        "sub_27": [
            498.10546875,
            25.316455841064453
        ],
        "sub_28": [
            606.246826171875,
            -86.0759506225586
        ],
        "sub_29": [
            383.4101257324219,
            -169.62025451660156
        ],
        "sub_3": [
            -432.5652770996094,
            -81.01265716552734
        ],
        "sub_30": [
            678.3410034179688,
            118.98734283447266
        ],
        "sub_31": [
            711.111083984375,
            -207.59494018554688
        ],
        "sub_32": [
            376.8561096191406,
            -400.0
        ],
        "sub_33": [
            219.5596466064453,
            -248.1012725830078
        ],
        "sub_34": [
            357.1940612792969,
            -283.5443115234375
        ],
        "sub_35": [
            3.2770097255706787,
            -346.83544921875
        ],
        "sub_4": [
            -357.1940612792969,
            86.0759506225586
        ],
        "sub_5": [
            -311.31591796875,
            -151.8987274169922
        ],