{
    "Agent": {
        "total": 317.651221036911
    },
    "Env": {
        "apply_act": 13.311303853988647,
        "observation_computation": 2.4287188053131104,
        "powerflow_computation": 11.067979097366333,
        "total": 26.80800175666809
    },
    "total": 344.7203767299652
}