{
    "Agent": {
        "total": 315.0328366756439
    },
    "Env": {
        "apply_act": 13.24282455444336,
        "observation_computation": 2.417294502258301,
        "powerflow_computation": 10.79764199256897,
        "total": 26.45776104927063
    },
    "total": 341.7449541091919
}