{
    "Agent": {
        "total": 300.27238059043884
    },
    "Env": {
        "apply_act": 14.465276002883911,
        "observation_computation": 2.5597660541534424,
        "powerflow_computation": 11.874868631362915,
        "total": 28.89991068840027
    },
    "total": 329.4371476173401
}