{
    "Agent": {
        "total": 331.27981781959534
    },
    "Env": {
        "apply_act": 13.848861932754517,
        "observation_computation": 2.564497232437134,
        "powerflow_computation": 11.721669673919678,
        "total": 28.135028839111328
    },
    "total": 359.69095611572266
}