{
    "Agent": {
        "total": 19.35130214691162
    },
    "Env": {
        "apply_act": 13.761050462722778,
        "observation_computation": 2.478430986404419,
        "powerflow_computation": 11.393797159194946,
        "total": 27.633278608322144
    },
    "total": 47.23873209953308
}