{
    "Agent": {
        "total": 18.981006145477295
    },
    "Env": {
        "apply_act": 13.670571565628052,
        "observation_computation": 2.4213180541992188,
        "powerflow_computation": 11.169129133224487,
        "total": 27.261018753051758
    },
    "total": 46.51868033409119
}