{
    "Agent": {
        "total": 18.609838485717773
    },
    "Env": {
        "apply_act": 13.314454555511475,
        "observation_computation": 1.9641766548156738,
        "powerflow_computation": 10.880484580993652,
        "total": 26.1591157913208
    },
    "total": 45.004230260849
}