{
    "Agent": {
        "total": 138.95012950897217
    },
    "Env": {
        "apply_act": 13.963152170181274,
        "observation_computation": 2.481959819793701,
        "powerflow_computation": 11.341328382492065,
        "total": 27.78644037246704
    },
    "total": 167.00844407081604
}