{
    "Agent": {
        "total": 131.2449598312378
    },
    "Env": {
        "apply_act": 14.13343858718872,
        "observation_computation": 2.518784761428833,
        "powerflow_computation": 11.710330963134766,
        "total": 28.36255431175232
    },
    "total": 159.87309050559998
}