{
    "Agent": {
        "total": 25.524539470672607
    },
    "Env": {
        "apply_act": 14.13202714920044,
        "observation_computation": 2.4954142570495605,
        "powerflow_computation": 11.661433219909668,
        "total": 28.288874626159668
    },
    "total": 54.098724126815796
}