{
    "Agent": {
        "total": 24.440436363220215
    },
    "Env": {
        "apply_act": 13.653181314468384,
        "observation_computation": 2.4196014404296875,
        "powerflow_computation": 10.91618037223816,
        "total": 26.98896312713623
    },
    "total": 51.67267322540283
}