{
    "Agent": {
        "total": 237.85945963859558
    },
    "Env": {
        "apply_act": 14.428218126296997,
        "observation_computation": 2.5741453170776367,
        "powerflow_computation": 12.176347732543945,
        "total": 29.17871117591858
    },
    "total": 267.3352656364441
}