{
    "Agent": {
        "total": 239.92925763130188
    },
    "Env": {
        "apply_act": 14.958271741867065,
        "observation_computation": 2.741837501525879,
        "powerflow_computation": 12.737294435501099,
        "total": 30.437403678894043
    },
    "total": 270.6672377586365
}