{
    "Agent": {
        "total": 5.845333576202393
    },
    "Env": {
        "apply_act": 13.552340269088745,
        "observation_computation": 2.283144950866699,
        "powerflow_computation": 11.160390615463257,
        "total": 26.9958758354187
    },
    "total": 33.093904972076416
}