{
    "Agent": {
        "total": 5.583013534545898
    },
    "Env": {
        "apply_act": 13.440943956375122,
        "observation_computation": 2.3608031272888184,
        "powerflow_computation": 11.10423994064331,
        "total": 26.90598702430725
    },
    "total": 32.75033354759216
}