{
    "Agent": {
        "total": 6.060835123062134
    },
    "Env": {
        "apply_act": 14.715654373168945,
        "observation_computation": 2.656379222869873,
        "powerflow_computation": 12.316304445266724,
        "total": 29.688338041305542
    },
    "total": 36.04730033874512
}