{
    "Agent": {
        "total": 37.715789794921875
    },
    "Env": {
        "apply_act": 127.88527297973633,
        "observation_computation": 21.632541179656982,
        "powerflow_computation": 100.22195410728455,
        "total": 249.73976826667786
    },
    "total": 289.77331829071045
}