{
    "Agent": {
        "total": 51.63242983818054
    },
    "Env": {
        "apply_act": 14.008065223693848,
        "observation_computation": 2.5283234119415283,
        "powerflow_computation": 11.459243297576904,
        "total": 27.99563193321228
    },
    "total": 79.89043498039246
}