{
    "Agent": {
        "total": 50.42420935630798
    },
    "Env": {
        "apply_act": 13.88594388961792,
        "observation_computation": 2.4681320190429688,
        "powerflow_computation": 11.011301517486572,
        "total": 27.36537742614746
    },
    "total": 78.0609519481659
}