{
    "Agent": {
        "total": 146.52461671829224
    },
    "Env": {
        "apply_act": 14.461525201797485,
        "observation_computation": 2.6574959754943848,
        "powerflow_computation": 12.859037637710571,
        "total": 29.97805881500244
    },
    "total": 176.78015303611755
}