{
    "Agent": {
        "total": 144.62179827690125
    },
    "Env": {
        "apply_act": 14.422245264053345,
        "observation_computation": 2.6800355911254883,
        "powerflow_computation": 12.909585237503052,
        "total": 30.011866092681885
    },
    "total": 174.88007020950317
}