{
    "Agent": {
        "total": 141.31779599189758
    },
    "Env": {
        "apply_act": 14.196585416793823,
        "observation_computation": 2.5756218433380127,
        "powerflow_computation": 12.393497467041016,
        "total": 29.16570472717285
    },
    "total": 170.73881840705872
}