{
    "Agent": {
        "total": 119.4048969745636
    },
    "Env": {
        "apply_act": 14.02056074142456,
        "observation_computation": 2.560762405395508,
        "powerflow_computation": 11.546288251876831,
        "total": 28.1276113986969
    },
    "total": 147.80365252494812
}