{
    "Agent": {
        "total": 124.34894752502441
    },
    "Env": {
        "apply_act": 14.614865064620972,
        "observation_computation": 2.7030181884765625,
        "powerflow_computation": 12.24690055847168,
        "total": 29.564783811569214
    },
    "total": 154.18189454078674
}