{
    "Agent": {
        "total": 118.83008456230164
    },
    "Env": {
        "apply_act": 14.14009428024292,
        "observation_computation": 2.5883848667144775,
        "powerflow_computation": 11.469396352767944,
        "total": 28.197875499725342
    },
    "total": 147.26703596115112
}