{
    "Agent": {
        "total": 124.6323447227478
    },
    "Env": {
        "apply_act": 14.347339153289795,
        "observation_computation": 2.6306920051574707,
        "powerflow_computation": 11.955472469329834,
        "total": 28.9335036277771
    },
    "total": 153.83833408355713
}